object,category,datatype,custom_url
LINE,type,class,
PHYSICS_RAY_RESULT,type,class,
color,type,class,
matrix,type,class,
polygon,type,class,
quaternion,type,class,
vec2d,type,class,
vec2f,type,class,
vec2i,type,class,
vec3d,type,class,
vec3f,type,class,
vec3i,type,class,
COMPONENT,core,class,
COMPONENT_MANAGER,core,class,
GAME,core,class,
GAME_OBJECT,core,class,
LEVEL,core,class,
ACTIVITY_TYPE,enum,enum,
AGENT_ANIMATION_STATE,enum,enum,
AGENT_ISSUE,enum,enum,
AGENT_WORK_ACTIVITY_MESSAGE_PARAMETERS,enum,enum,
ATTACH_NODE_TYPE,enum,enum,
BEAUTIFICATION_CATEGORY,enum,enum,
BEHAVIOR_TREE_NODE_RESULT,enum,enum,
BUDGET_CATEGORY,enum,enum,
BUILDING_PART_TYPE,enum,enum,
BUILDING_PATH_RANDOM_SHAPE,enum,enum,
BUILDING_PATH_TYPE,enum,enum,
BUILDING_PREVIEW_TYPE,enum,enum,
BUILDING_STATUS,enum,enum,
BUILDING_TYPE,enum,enum,
BUILDING_ZONE_TYPE,enum,enum,
BUTTON_STATE,enum,enum,
CHARACTER_PART,enum,enum,
CHARACTER_SETUP_PRIORITY,enum,enum,
COMPARISON_OPERATOR,enum,enum,
CONSTRUCTION_STEP_MODE,enum,enum,
DESIRABILITY_EFFECT_TYPE,enum,enum,
DESIRABILITY_LEVEL,enum,enum,
EASING,enum,enum,
ESTATE_VALUE_TYPE,enum,enum,
EXECUTE_ACTION_LIST_MANDATE_STATE,enum,enum,
FARM_STATE,enum,enum,
FORTIFICATION_TYPE,enum,enum,
GAMEPLAY_SYSTEM_NAME,enum,enum,
GAME_CONDITION_ON_MET_ACTION,enum,enum,
GAME_CONDITION_STATE,enum,enum,
GAME_CONDITION_VILLAGER_NEED_FILLED_VILLAGER_COUNT_TYPE,enum,enum,
GAME_STATE_FLAG,enum,enum,
GAME_STEP,enum,enum,
GENDER,enum,enum,
GENDER_USAGE,enum,enum,
GENDER_USAGE_TEXT,enum,enum,
GROUND_ORIENTATION_TYPE,enum,enum,
HOUSE_DENSITY,enum,enum,
HOUSE_QUALITY,enum,enum,
IMAGE_ASSET_TYPE,enum,enum,
IMMIGRATION_PROBABILITY,enum,enum,
INTERACTIVE_LOCATION_PRIVACY,enum,enum,
INTERACTIVE_LOCATION_PURPOSE,enum,enum,
LUA_INPUT_OUTPUT_MODE,enum,enum,
MANDATE_SHOW_NARRATIVE_PANEL_CHOICE,enum,enum,
MANDATE_STATE,enum,enum,
MATERIAL_RENDER_MODE,enum,enum,
MILITARY_CAMPAIGN_STATE,enum,enum,
MINERAL_DEPOSIT_STATE,enum,enum,
NAVMESH_LOCK_CATEGORY,enum,enum,
NOTIFICATION_TYPE,enum,enum,
OBJECT_FLAG,enum,enum,
OUTCOME_PANEL_RESULT,enum,enum,
PARTICLE_BILLBOARD_BEHAVIOR,enum,enum,
PARTICLE_QUALITY,enum,enum,
PARTICLE_SPACE,enum,enum,
PARTICLE_SUB_SYSTEM_TYPE,enum,enum,
PARTICLE_TIME_SCALE_TYPE,enum,enum,
PATH_FLAG,enum,enum,
PROCEDURAL_VALUE_TYPE,enum,enum,
QUEST_STATE,enum,enum,
RESOURCE_COLLECTION_USAGE,enum,enum,
RESOURCE_FETCHING_ACTIVITY_MESSAGE_PARAMETERS,enum,enum,
RESOURCE_LAYOUT_TYPE,enum,enum,
RESOURCE_LOCATION_TYPE,enum,enum,
RESOURCE_STOCKPILE_VISUAL_MODE,enum,enum,
RESOURCE_TYPE,enum,enum,
SOLDIER_TRAINING_STATE,enum,enum,
TERRAIN_STATIC_LAYER_ZONE_TYPE,enum,enum,
TEXTURE_FILTER,enum,enum,
TEXTURE_WRAP,enum,enum,
TIME_SYSTEM_TYPE,enum,enum,
TOOL_HAND,enum,enum,
TRADE_AMOUNT_TYPE,enum,enum,
TRADE_BONUS_TYPE,enum,enum,
TRADE_STATE,enum,enum,
TRADE_TYPE,enum,enum,
VILLAGER_BEHAVIOR_STATE,enum,enum,
WALL_CONTOUR_TYPE,enum,enum,
WORKPLACE_STATUS,enum,enum,
WORLD_GUI_INFO_TYPE,enum,enum,
AGENT_ACTIVITY_MESSAGE,data,class,
AGENT_ACTIVITY_MESSAGE_PARAMETER,data,class,
AGENT_ACTIVITY_MESSAGE_PARAMETER_BUILDABLE,data,class,
AGENT_ACTIVITY_MESSAGE_PARAMETER_RESOURCE,data,class,
AGENT_PROFILE_FUNCTION,data,class,
AGENT_PROFILE_FUNCTION_SOLDIER,data,class,
AGENT_PROFILE_FUNCTION_VISITOR,data,class,
AGENT_PROFILE_GENDER_USAGE_PAIR,data,class,
AGENT_PROFILE_STATUS_PAIR,data,class,
ASSEMBLAGE_CUSTOM_SET,data,class,
ASSOCIATION_JOB_BEHAVIOR,data,class,
BAILIFF_INSTANCE,data,class,
BAILIFF_PROFILE,data,class,
BEHAVIOR_TREE_INSTANCE,data,class,
BUILDING_ASSET_TAXATION_FUNCTION_PAIR,data,class,
BUILDING_CONSTRUCTOR,data,class,
BUILDING_CONSTRUCTOR_ASSEMBLAGE,data,class,
BUILDING_CONSTRUCTOR_BASEMENT,data,class,
BUILDING_CONSTRUCTOR_BRIDGE,data,class,
BUILDING_CONSTRUCTOR_DEFAULT,data,class,
BUILDING_CONSTRUCTOR_PART_SWITCHER,data,class,
BUILDING_CONSTRUCTOR_RANDOM_PART,data,class,
BUILDING_CONSTRUCTOR_SCALER,data,class,
BUILDING_CONSTRUCTOR_SLOPE,data,class,
BUILDING_CONSTRUCTOR_WALL,data,class,
BUILDING_ENTRANCE_DATA,data,class,
BUILDING_FUNCTION_WAREHOUSE_ALLOWED_RESOURCE_TYPE_INFO,data,class,
BUILDING_INFORMATION,data,class,
BUILDING_ISSUE_LIST_ENTRY,data,class,
BUILDING_MINIATURE_CONFIG,data,class,
BUILDING_PART_CATEGORY_CONFIG,data,class,
BUILDING_PART_COST,data,class,
BUILDING_PART_COST_PAIR,data,class,
BUILDING_PART_SET,data,class,
BUILDING_PATH,data,class,
BUILDING_PATH_DATA,data,class,
BUILDING_PROGRESS,data,class,
BUILDING_TYPE_CONFIG,data,class,
BUILDING_WAYPOINT_DATA,data,class,
BUILDING_ZONE,data,class,
BUILDING_ZONE_ENTRY,data,class,
CHARACTER_SETUP,data,class,
CHARACTER_SETUP_DATA,data,class,
CONDENSED_HELP_ITEM,data,class,
CURVE_FLOAT,data,class,
CURVE_VALUE,data,class,
DATA_HOUSE_DENSITY,data,class,
DATA_NOTIFICATION_ON_CLICK,data,class,
DATA_NOTIFICATION_ON_CLICK_BOOK,data,class,
DATA_NOTIFICATION_ON_CLICK_BUILDING,data,class,
DATA_NOTIFICATION_ON_CLICK_MANDATE_WINDOW,data,class,
DATA_NOTIFICATION_ON_CLICK_PROGRESSION,data,class,
DATA_WALL_CRENELATION,data,class,
DATA_WALL_PROCEDURAL_MESH,data,class,
DATA_WALL_SEGMENT,data,class,
DATA_WEATHER_PROBABILITY,data,class,
DECEASED_VILLAGER_DATA,data,class,
DELAYED_QUEST,data,class,
DESIRABILITY_LEVEL_ITEM,data,class,
DESIRABILITY_MODIFIER_ITEM,data,class,
ESTATE_MANDATE_PAIR,data,class,
ESTATE_QUANTITY_PAIR,data,class,
ESTATE_STRING_ASSOCIATION,data,class,
EVENT_CALLBACK,data,class,
EVENT_CALLBACK_SIMPLE_PANEL,data,class,
EVENT_CALLBACK_TRIGGER_EVENT,data,class,
EVENT_CHOICE,data,class,
EVENT_CHOICE_MANDATE_STATE_PAIR,data,class,
EXTRACTED_RESOURCE_CONFIG,data,class,
FARM_SIZE_FEEDBACK_CONFIG,data,class,
FLOAT_VALUE_PAIR,data,class,
FORTIFICATION_PARAMETERS,data,class,
GAME_ACTION,data,class,
GAME_ACTION_ADD_EVENT,data,class,
GAME_ACTION_ADD_MANDATE_TYPE,data,class,
GAME_ACTION_ADD_TAXATION,data,class,
GAME_ACTION_ADD_TRADE_ROUTE,data,class,
GAME_ACTION_APPLY_GAME_RULE,data,class,
GAME_ACTION_APPLY_HAPPINESS_FACTOR,data,class,
GAME_ACTION_AUDIO,data,class,
GAME_ACTION_CHANGE_WEATHER,data,class,
GAME_ACTION_CONDITIONAL_ACTION_LIST,data,class,
GAME_ACTION_DELAY_MANDATE,data,class,
GAME_ACTION_DELIVER_RESOURCE,data,class,
GAME_ACTION_DICE_ROLLER,data,class,
GAME_ACTION_DICE_ROLLER_BOOLEAN_OUTCOME,data,class,
GAME_ACTION_DICE_ROLLER_ESTATE_OPTION,data,class,
GAME_ACTION_DICE_ROLLER_INFLUENCE,data,class,
GAME_ACTION_DICE_ROLLER_PERCENTAGE,data,class,
GAME_ACTION_DICE_ROLLER_PERCENTAGE_OPTION,data,class,
GAME_ACTION_EXECUTE_ACTION_BY_GAME_STEP,data,class,
GAME_ACTION_GENERATE_REWARD,data,class,
GAME_ACTION_GIVE_BLUEPRINT,data,class,
GAME_ACTION_GIVE_INFLUENCE,data,class,
GAME_ACTION_GIVE_QUEST,data,class,
GAME_ACTION_GIVE_RANDOM_RESOURCE,data,class,
GAME_ACTION_GIVE_RESOURCE_LIST,data,class,
GAME_ACTION_GIVE_RESOURCE_LIST_PER_VILLAGER_STATUS,data,class,
GAME_ACTION_GIVE_REWARD,data,class,
GAME_ACTION_GIVE_TERRITORY,data,class,
GAME_ACTION_IGNORE,data,class,
GAME_ACTION_IMMIGRATE,data,class,
GAME_ACTION_KICK_UNEMPLOYED_VILLAGERS,data,class,
GAME_ACTION_MILITARY_CAMPAIGN_ACTION,data,class,
GAME_ACTION_PAUSE_RECURRING_EVENT,data,class,
GAME_ACTION_RANDOM_ACTION,data,class,
GAME_ACTION_REMOVE_MANDATE_TYPE,data,class,
GAME_ACTION_REMOVE_TAXATION,data,class,
GAME_ACTION_REMOVE_TRADE_ROUTE,data,class,
GAME_ACTION_RESUME_RECURRING_EVENT,data,class,
GAME_ACTION_SET_VILLAGE_LEVEL,data,class,
GAME_ACTION_SHOW_NARRATIVE_PANEL,data,class,
GAME_ACTION_SHOW_OUTCOME_PANEL,data,class,
GAME_ACTION_SNOOZE_RECURING_EVENT,data,class,
GAME_ACTION_STUB,data,class,
GAME_ACTION_TRIGGER_EVENT_CALLBACK,data,class,
GAME_ACTION_TRIGGER_IMMIGRATION_WAVE,data,class,
GAME_ACTION_TRIGGER_IMPORTANT_HELP,data,class,
GAME_ACTION_TRIGGER_MILITARY_CAMPAIGN,data,class,
GAME_ACTION_UNLOCK_BUILDING_LIST,data,class,
GAME_ACTION_UNLOCK_EDICT,data,class,
GAME_ACTION_UNLOCK_EDICT_SLOT,data,class,
GAME_ACTION_UNLOCK_PRIVILEGE,data,class,
GAME_ACTION_UNLOCK_PRIVILEGE_SLOT,data,class,
GAME_ACTION_UNLOCK_SYSTEM,data,class,
GAME_ACTION_UPGRADE_TRADE_ROUTE,data,class,
GAME_ACTION_USE_INFLUENCE,data,class,
GAME_ACTION_VISIT,data,class,
GAME_CONDITION,data,class,
GAME_CONDITION_ABOVE_SURROUNDINGS,data,class,
GAME_CONDITION_ACCUMULATE_IN_STORAGE,data,class,
GAME_CONDITION_AGENT_KILLED,data,class,
GAME_CONDITION_ASSIGN_JOB_TO_ALL_VILLAGERS,data,class,
GAME_CONDITION_ASSIGN_TRADE_RESOURCE,data,class,
GAME_CONDITION_AVAILABLE_VILLAGER_FOR_PROMOTION,data,class,
GAME_CONDITION_BUILDING,data,class,
GAME_CONDITION_BUILDING_AVAILABLE,data,class,
GAME_CONDITION_BUILDING_BUILT,data,class,
GAME_CONDITION_BUILDING_FUNCTION_ASSIGNED,data,class,
GAME_CONDITION_BUILDING_INVENTORY,data,class,
GAME_CONDITION_BUILDING_IN_LAYER,data,class,
GAME_CONDITION_BUILDING_NOT_BUILT,data,class,
GAME_CONDITION_BUILDING_PART_COUNT,data,class,
GAME_CONDITION_BUILDING_REACHABLE,data,class,
GAME_CONDITION_BUILDING_SPLENDOR_AMOUNT_REACHED,data,class,
GAME_CONDITION_BUILDING_WORKER_CAPACITY,data,class,
GAME_CONDITION_COMPANY_FORMED,data,class,
GAME_CONDITION_COMPANY_STRENGTH_ATTAINED,data,class,
GAME_CONDITION_CONSTRUCTION_STEPS_COMPLETED,data,class,
GAME_CONDITION_DAY_COUNT,data,class,
GAME_CONDITION_DECORATIVE_PART_COUNT,data,class,
GAME_CONDITION_EDICT_ACTIVATED,data,class,
GAME_CONDITION_ENCLOSED_AREA,data,class,
GAME_CONDITION_ENCLOSED_AREA_SIZE,data,class,
GAME_CONDITION_EXECUTE_ACTION_LIST,data,class,
GAME_CONDITION_FAR_FROM_OTHER_BUILDINGS,data,class,
GAME_CONDITION_FILL_GUEST_REQUIREMENTS,data,class,
GAME_CONDITION_FOREST_SURROUNDED,data,class,
GAME_CONDITION_GAME_STEP_CONDITION_LIST,data,class,
GAME_CONDITION_HAS_ZONE,data,class,
GAME_CONDITION_HOUSE_HAS_HOUSE_OF_DENSITY_AND_QUALITY,data,class,
GAME_CONDITION_INFLUENCE_AMOUNT_REACHED,data,class,
GAME_CONDITION_INSIDE_ZONE,data,class,
GAME_CONDITION_IN_LAYER,data,class,
GAME_CONDITION_JOB_STATUS_REQUIRED,data,class,
GAME_CONDITION_LODGING_OPENED,data,class,
GAME_CONDITION_MANDATE_STATE,data,class,
GAME_CONDITION_MAXIMUM_COIN_CAPACITY,data,class,
GAME_CONDITION_MILITARY_CAMPAIGN_COMPLETED,data,class,
GAME_CONDITION_MILITARY_CAMPAIGN_ONGOING,data,class,
GAME_CONDITION_MILITARY_COMPANY_BEHAVIOR,data,class,
GAME_CONDITION_MULTIPLE_CONDITION,data,class,
GAME_CONDITION_NON_DECORATIVE_PART_COUNT,data,class,
GAME_CONDITION_PART_OF_BUILDING,data,class,
GAME_CONDITION_POPULATION_COUNT,data,class,
GAME_CONDITION_PRIVILEGE_ACTIVATED,data,class,
GAME_CONDITION_PROBABILITY,data,class,
GAME_CONDITION_QUEST_STATE,data,class,
GAME_CONDITION_RESOURCE_LIST_PRODUCED,data,class,
GAME_CONDITION_RESOURCE_PRODUCED,data,class,
GAME_CONDITION_RESOURCE_PRODUCED_FOR_NEED,data,class,
GAME_CONDITION_RESOURCE_QUANTITY_NUMBER,data,class,
GAME_CONDITION_RESOURCE_UNLOCKED,data,class,
GAME_CONDITION_RESSOURCE_ASSIGNED,data,class,
GAME_CONDITION_REVENUE,data,class,
GAME_CONDITION_SCORE,data,class,
GAME_CONDITION_SPLENDOR_CHANGE,data,class,
GAME_CONDITION_SPLENDOR_REACHED,data,class,
GAME_CONDITION_SURVIVE_BAD_WEATHER,data,class,
GAME_CONDITION_TAX_ACTIVATED,data,class,
GAME_CONDITION_TAX_METER_CHANGED,data,class,
GAME_CONDITION_TERRITORY_BOUGHT,data,class,
GAME_CONDITION_TIER_UNLOCKED,data,class,
GAME_CONDITION_TRADE_AMOUNT,data,class,
GAME_CONDITION_TRADE_RESOURCE_QUANTITY,data,class,
GAME_CONDITION_TRADE_ROUTE_LEVEL,data,class,
GAME_CONDITION_TRADE_ROUTE_READY_TO_BE_UPGRADED,data,class,
GAME_CONDITION_UNLOCKABLE_BOUGHT,data,class,
GAME_CONDITION_UNLOCK_FUNCTION_UNLOCKED,data,class,
GAME_CONDITION_UNLOCK_TRADE_ROUTE,data,class,
GAME_CONDITION_VILLAGER_HAPPINESS_COUNT,data,class,
GAME_CONDITION_VILLAGER_HAPPINESS_GLOBAL,data,class,
GAME_CONDITION_VILLAGER_NEED_FILLED,data,class,
GAME_CONDITION_VILLAGER_PROMOTED,data,class,
GAME_CONDITION_VILLAGER_STATUS_REACHED,data,class,
GAME_CONDITION_VISIT,data,class,
GAME_CONDITION_WALL_SIZE,data,class,
GAME_CONDITION_WORKER_ASSIGNED,data,class,
GAME_CONDITION_WORKPLACE_RECIPE_YIELD,data,class,
GAME_CONDITION_WOUNDED_COUNT,data,class,
GAME_RULE_MODIFIER,data,class,
GAME_RULE_MODIFIER_AGENT_HAPPINESS,data,class,
GAME_RULE_MODIFIER_APPLY_ACTION,data,class,
GAME_RULE_MODIFIER_BLOCK_TRADE_ROUTE,data,class,
GAME_RULE_MODIFIER_BUILDABLE_AS_POINT_OF_INTEREST,data,class,
GAME_RULE_MODIFIER_BUILDING_BEAUTIFICATION,data,class,
GAME_RULE_MODIFIER_BUILDING_MAINTENANCE_COST,data,class,
GAME_RULE_MODIFIER_BUILDING_SPLENDOR,data,class,
GAME_RULE_MODIFIER_CONCURRING_TAXES_BONUS,data,class,
GAME_RULE_MODIFIER_CONDITIONAL_GAME_RULE,data,class,
GAME_RULE_MODIFIER_CONSTRUCTION_REFUND,data,class,
GAME_RULE_MODIFIER_CROP_YIELDS,data,class,
GAME_RULE_MODIFIER_DESCRIPTOR,data,class,
GAME_RULE_MODIFIER_DESCRIPTOR_BUILDABLE,data,class,
GAME_RULE_MODIFIER_DESCRIPTOR_EDICT,data,class,
GAME_RULE_MODIFIER_DESCRIPTOR_EVENT,data,class,
GAME_RULE_MODIFIER_DESCRIPTOR_HOUSE_MOVE,data,class,
GAME_RULE_MODIFIER_DESCRIPTOR_JOB_STATUS,data,class,
GAME_RULE_MODIFIER_DESCRIPTOR_NEED_TYPE,data,class,
GAME_RULE_MODIFIER_DESCRIPTOR_PRIVILEGE,data,class,
GAME_RULE_MODIFIER_DESCRIPTOR_STATUS,data,class,
GAME_RULE_MODIFIER_DESCRIPTOR_STRING,data,class,
GAME_RULE_MODIFIER_DESCRIPTOR_UNLOCKABLE,data,class,
GAME_RULE_MODIFIER_DISALLOW_OPTIONAL_EVENTS,data,class,
GAME_RULE_MODIFIER_ESTATE_BUILDING_MAINTENANCE_COST,data,class,
GAME_RULE_MODIFIER_ESTATE_DEFAULT_INFLUENCE,data,class,
GAME_RULE_MODIFIER_ESTATE_INFLUENCE,data,class,
GAME_RULE_MODIFIER_ESTATE_SPLENDOR_IMPACT,data,class,
GAME_RULE_MODIFIER_FREE_TERRITORY,data,class,
GAME_RULE_MODIFIER_HAPPINESS,data,class,
GAME_RULE_MODIFIER_IMMIGRATION_IGNORE_FACTOR,data,class,
GAME_RULE_MODIFIER_IMMIGRATION_RATE,data,class,
GAME_RULE_MODIFIER_IMPROVE_AREA_DESIRABILITY,data,class,
GAME_RULE_MODIFIER_INFINITE_GOLD_COINS,data,class,
GAME_RULE_MODIFIER_INSTANT_BUILD,data,class,
GAME_RULE_MODIFIER_INVINCIBLE_ARMY,data,class,
GAME_RULE_MODIFIER_JOB_LEARNING_SPEED,data,class,
GAME_RULE_MODIFIER_JOB_STATUS,data,class,
GAME_RULE_MODIFIER_MANDATE_COST,data,class,
GAME_RULE_MODIFIER_MANDATE_TIME,data,class,
GAME_RULE_MODIFIER_MILITARY_MISSSION_IMPAIRMENT_CHANCE,data,class,
GAME_RULE_MODIFIER_MILITARY_TRAINING,data,class,
GAME_RULE_MODIFIER_MINIMUM_HAPPINESS_FOR_LEAVING,data,class,
GAME_RULE_MODIFIER_NATURAL_RESOURCES_REGROWTH_DURATION,data,class,
GAME_RULE_MODIFIER_NEED_PERMANENTLY_FILLED,data,class,
GAME_RULE_MODIFIER_NEED_TYPE_DEPLETE_RATE,data,class,
GAME_RULE_MODIFIER_OVERRIDE_VILLAGER_HAPPINESS,data,class,
GAME_RULE_MODIFIER_PRODUCTION_CYCLE_DURATION_MULTIPLIER,data,class,
GAME_RULE_MODIFIER_PROSPECT_ALL_MINERAL_DEPOSIT,data,class,
GAME_RULE_MODIFIER_RESIDENTIAL_MAX_TAX_REVENUE,data,class,
GAME_RULE_MODIFIER_RESOURCE_DEPOT_CAPACITY,data,class,
GAME_RULE_MODIFIER_SCALE_EVENT_INFLUENCE_REWARD_AMOUNT,data,class,
GAME_RULE_MODIFIER_SCALE_EVENT_RESOURCE_REWARD_AMOUNT,data,class,
GAME_RULE_MODIFIER_SOLDIER_RECOVERY_SPEED,data,class,
GAME_RULE_MODIFIER_SOLDIER_STRENGTH_FROM_HAPPINESS,data,class,
GAME_RULE_MODIFIER_TAXATION_CUMULATION_BONUS,data,class,
GAME_RULE_MODIFIER_TAXATION_HOUSING_HAPPINESS_FACTOR_MULTIPLIER,data,class,
GAME_RULE_MODIFIER_TERRITORY_UPKEEP,data,class,
GAME_RULE_MODIFIER_TRADER_VISIT_DELAY_MULTIPLIER,data,class,
GAME_RULE_MODIFIER_TRADE_BONUS,data,class,
GAME_RULE_MODIFIER_TRADE_COMPLETED_INFLUENCE,data,class,
GAME_RULE_MODIFIER_TRADE_RESOURCE_PRICE_BONUS,data,class,
GAME_RULE_MODIFIER_TRADE_SCALING_FACTOR,data,class,
GAME_RULE_MODIFIER_UNLIMITED_SMALL_MINERAL_DEPOSIT,data,class,
GAME_RULE_MODIFIER_UNLOCK_ALL_TERRITORIES,data,class,
GAME_RULE_MODIFIER_UNLOCK_ALL_UNLOCKABLES,data,class,
GAME_RULE_MODIFIER_UNLOCK_AND_UPGRADE_TRADE_ROUTE,data,class,
GAME_RULE_MODIFIER_UPKEEP_BUILDING_PARTS,data,class,
GAME_RULE_MODIFIER_VILLAGER_HAPPINESS,data,class,
GAME_RULE_MODIFIER_WORKPLACE_RECIPE,data,class,
GAME_STEP_ACTION_LIST_PAIR,data,class,
GAME_STEP_CONDITION_LIST_PAIR,data,class,
GRADIENT,data,class,
GRADIENT_ALPHA_VALUE,data,class,
GRADIENT_COLOR_VALUE,data,class,
GUEST_QUANTITY_PAIR,data,class,
HAIRCUT,data,class,
HAND_OBJECT,data,class,
HELP_CATEGORY,data,class,
HELP_INSTANCE,data,class,
HELP_TOPIC,data,class,
HERALDRY,data,class,
HERALDRY_CONFIG,data,class,
HOSTING_MISSION_FEEDBACK,data,class,
HOSTING_MISSION_FEEDBACK_HAPPINESS_PAIR,data,class,
HOUSE_DENSITY_PATROL_PARAMETERS,data,class,
HOUSE_STATUS,data,class,
IMMIGRATION_PROBABILITY_SETTING,data,class,
INCOMING_RESERVED_RESOURCE_LIST,data,class,
INST_UNLOCKABLE_COST,data,class,
JOB_INSTANCE,data,class,
JOB_PROGESSION_ELEMENT,data,class,
MANDATE,data,class,
MAP_DENSITY_PREFAB_CONFIG,data,class,
MAP_DENSITY_SPAWN_INFO,data,class,
MAP_SPAWN_INFO,data,class,
MAP_VILLAGE_PATH,data,class,
MASTERPIECE_EFFECT_CONDITION,data,class,
MATERIAL_SET,data,class,
MILITARY_CAMPAIGN_DURATION_STRING_RANGE,data,class,
MILITARY_CAMPAIGN_INSTANCE,data,class,
MILITARY_CAMPAIGN_PROBABILITY,data,class,
MILITARY_CAMPAIGN_STEP,data,class,
MILITARY_CAMPAIGN_SUCCESS_RANGE,data,class,
MILITARY_MISSION,data,class,
MILITARY_MISSION_COMPANY_SLOT,data,class,
MILITARY_MISSION_CYCLE,data,class,
MINERAL_CATEGORY,data,class,
MINERAL_TYPE_DATA,data,class,
MONUMENT_REQUIRED_PART_PAIR,data,class,
NUMBER_RULE_MODIFIER_LIST_PAIR,data,class,
NUMERIC_RANGE_GAME_STEP,data,class,
OUTCOME_PANEL_EXTRA_GUI,data,class,
OUTCOME_PANEL_EXTRA_GUI_MILITARY,data,class,
OUTGOING_RESERVED_RESOURCE_LIST,data,class,
PARTICLE_BURST_DATA,data,class,
PARTICLE_DEFAULT_VISUAL,data,class,
PARTICLE_EMITER_ANIMATOR_TRIGGER,data,class,
PARTICLE_EMITTER_SHAPE,data,class,
PARTICLE_EMITTER_SHAPE_BOX,data,class,
PARTICLE_EMITTER_SHAPE_CONE,data,class,
PARTICLE_EMITTER_SHAPE_CYLINDER,data,class,
PARTICLE_EMITTER_SHAPE_SPHERE,data,class,
PARTICLE_FLOAT3_VALUE,data,class,
PARTICLE_FLOAT3_VALUE_CONSTANT,data,class,
PARTICLE_FLOAT3_VALUE_CONSTANT_RANDOM,data,class,
PARTICLE_FLOAT3_VALUE_CURVE,data,class,
PARTICLE_FLOAT3_VALUE_CURVE_RANDOM,data,class,
PARTICLE_NO_VISUAL,data,class,
PARTICLE_OBJECT_VISUAL,data,class,
PARTICLE_SUB_EMITTER_DATA,data,class,
PARTICLE_VISUAL,data,class,
PART_PROBABILITY,data,class,
PROBABILITY_BONUS,data,class,
PROBABILITY_BONUS_ESTATE,data,class,
PROBABILITY_BONUS_JOB_LEVEL,data,class,
PROCEDURAL_COLOR,data,class,
PROCEDURAL_FLOAT,data,class,
PROCEDURAL_INTEGER,data,class,
PROCEDURAL_ORIENTATION,data,class,
PROCEDURAL_VECTOR2,data,class,
PROCEDURAL_VECTOR3,data,class,
PROGRESS_UNLOCK_BUILDING_FUNCTION,data,class,
PROGRESS_UNLOCK_BUILDING_PART,data,class,
PROGRESS_UNLOCK_ESTATE_DECORATION,data,class,
QUEST_REWARD_PROBABILITY,data,class,
QUEST_REWARD_QUALITY_SETUP,data,class,
RESERVED_RESOURCE_ELEMENT,data,class,
RESOURCE_COLLECTION_VALUE,data,class,
RESOURCE_FETCHING_ACTIVITY_MESSAGE,data,class,
RESOURCE_FLOAT_QUANTITY_PAIR,data,class,
RESOURCE_QUANTITY_PAIR,data,class,
RESOURCE_TYPE_FLOAT_PAIR,data,class,
SCORE_TRACKER,data,class,
SCORE_TRACKER_BEAUTIFICATION,data,class,
SCORE_TRACKER_WEALTH,data,class,
SPLENDOR_RANGE,data,class,
STRING_FLOAT_PAIR,data,class,
STRING_FLOAT_PAIR_LIST,data,class,
STRING_PAIR,data,class,
STRING_UINT_PAIR,data,class,
STRING_UINT_PAIR_LIST,data,class,
TAXATION_BRACKET,data,class,
TAXATION_PER_HOUSE_STATUS,data,class,
TAXATION_PER_VILLAGER_STATUS,data,class,
TIME_SYSTEM,data,class,
UNLOCKABLE_COST,data,class,
UNLOCKABLE_MANDATE,data,class,
UNLOCK_FUNCTION_INSTANCE,data,class,
VEHICLE_ANIMATION,data,class,
VILLAGER_ASSIGN_WORKPLACE_FUNCTION,data,class,
VILLAGER_ASSIGN_WORKPLACE_FUNCTION_AUTO_ASSIGN_JOB,data,class,
VILLAGER_ASSIGN_WORKPLACE_FUNCTION_DEFAULT,data,class,
VILLAGER_ASSIGN_WORKPLACE_MANUAL_ASSIGN,data,class,
VILLAGER_STATUS_GENDER_USAGE_PAIR,data,class,
VILLAGER_STATUS_QUANTITY_PAIR,data,class,
VILLAGER_STATUS_RATIO,data,class,
VILLAGER_STATUS_RESOURCE_LIST_PAIR,data,class,
VILLAGER_STATUS_SCORE_VALUE,data,class,
VILLAGER_STATUS_WAGE,data,class,
VILLAGER_VALUE_PAIR,data,class,
WAREHOUSE_SLOT_SETUP,data,class,
WAREHOUSE_SLOT_SETUP_ELEMENT,data,class,
WORK_AGENT_ACTIVITY_MESSAGE,data,class,
ABSTRACT_QUEST,asset,class,
AGENT_NEED_TYPE,asset,class,
AGENT_NEED_TYPE_HOUSING,asset,class,
AGENT_NEED_TYPE_LODGING,asset,class,
AGENT_NEED_TYPE_RESOURCE,asset,class,
AGENT_NEED_TYPE_SOLDIER_EQUIPMENT,asset,class,
AGENT_NEED_TYPE_SOLDIER_HEALING,asset,class,
AGENT_NEED_TYPE_SOLDIER_TRAINING,asset,class,
AGENT_NEED_TYPE_VISIT_BUILDING,asset,class,
AGENT_PORTRAIT,asset,class,
AGENT_PROFILE,asset,class,
ASSET,asset,class,
ASSIGNABLE_BUILDING_FUNCTION_LIST,asset,class,
ATLAS_CELL,asset,class,
AUDIO_EVENT,asset,class,
BALANCING,asset,class,
BEHAVIOR_TREE,asset,class,
BIOME_LAYER,asset,class,
BLUEPRINT,asset,class,
BLUEPRINT_MANDATE_TYPE,asset,class,
BUILDING,asset,class,
BUILDING_FUNCTION,asset,class,
BUILDING_FUNCTION_ACCOMMODATION,asset,class,
BUILDING_FUNCTION_ASSIGNABLE,asset,class,
BUILDING_FUNCTION_BAILIFF_OFFICE,asset,class,
BUILDING_FUNCTION_BELFRY,asset,class,
BUILDING_FUNCTION_BRIDGE,asset,class,
BUILDING_FUNCTION_BUILDER_WORKSHOP,asset,class,
BUILDING_FUNCTION_CHURCH,asset,class,
BUILDING_FUNCTION_CRAFTING_WORKSHOP,asset,class,
BUILDING_FUNCTION_ENCAMPMENT,asset,class,
BUILDING_FUNCTION_FARM,asset,class,
BUILDING_FUNCTION_FISHING,asset,class,
BUILDING_FUNCTION_FORESTER,asset,class,
BUILDING_FUNCTION_GREAT_HALL,asset,class,
BUILDING_FUNCTION_HEALING_HOUSE,asset,class,
BUILDING_FUNCTION_HOUSE,asset,class,
BUILDING_FUNCTION_INN,asset,class,
BUILDING_FUNCTION_INTERACTIVE_LOCATION,asset,class,
BUILDING_FUNCTION_KITCHEN,asset,class,
BUILDING_FUNCTION_KNIGHT_STATUE,asset,class,
BUILDING_FUNCTION_LIVESTOCK_FARM,asset,class,
BUILDING_FUNCTION_LODGING,asset,class,
BUILDING_FUNCTION_MARKET,asset,class,
BUILDING_FUNCTION_MARKET_TENT,asset,class,
BUILDING_FUNCTION_MONASTERY,asset,class,
BUILDING_FUNCTION_MUSICAL_PART,asset,class,
BUILDING_FUNCTION_PATROL_WORKPLACE,asset,class,
BUILDING_FUNCTION_POINT_OF_INTEREST,asset,class,
BUILDING_FUNCTION_PUBLIC_LOUNGE,asset,class,
BUILDING_FUNCTION_PUBLIC_LOUNGE_ROOM,asset,class,
BUILDING_FUNCTION_QUARRY,asset,class,
BUILDING_FUNCTION_RESOURCE_DEPOT,asset,class,
BUILDING_FUNCTION_RESOURCE_GENERATOR,asset,class,
BUILDING_FUNCTION_RESOURCE_STOCKPILE,asset,class,
BUILDING_FUNCTION_TAX_OFFICE,asset,class,
BUILDING_FUNCTION_TRAINING_SITE,asset,class,
BUILDING_FUNCTION_TREASURY,asset,class,
BUILDING_FUNCTION_UNIQUE_RESOURCE_DEPOT,asset,class,
BUILDING_FUNCTION_VILLAGE_CENTER,asset,class,
BUILDING_FUNCTION_WAREHOUSE,asset,class,
BUILDING_FUNCTION_WATCHPOST,asset,class,
BUILDING_FUNCTION_WORKER_CAPACITY_EXTENDER,asset,class,
BUILDING_FUNCTION_WORKPLACE,asset,class,
BUILDING_FUNCTION_WORKPLACE_GUARD,asset,class,
BUILDING_GAME_CONDITION_CONFIG,asset,class,
BUILDING_LIST,asset,class,
BUILDING_PART,asset,class,
CHANGE_EDICT_MANDATE_TYPE,asset,class,
CHANGE_PRIVILEGE_MANDATE_TYPE,asset,class,
CUSTOM_MAP,asset,class,
DESIRABILITY,asset,class,
DESIRABILITY_HOUSE_SELECTION_FACTOR,asset,class,
DESIRABILITY_MODIFIER,asset,class,
DYNAMIC_BERRIES_MANAGER_DATA,asset,class,
EDICT,asset,class,
ESTATE,asset,class,
ESTATE_SETTING,asset,class,
EVENT,asset,class,
EXECUTE_ACTION_LIST_MANDATE_TYPE,asset,class,
FARM_FIELD_CONFIG,asset,class,
FAR_AWAY_PROPS_SPAWNER,asset,class,
FOREST_BERRIES_CLUSTER_DATA,asset,class,
FOREST_BERRIES_DATA,asset,class,
GAME_RULE,asset,class,
GAME_RULE_MANDATE,asset,class,
GAME_RULE_MASTERPIECE,asset,class,
GAME_RULE_MINERAL,asset,class,
GAME_RULE_MODIFIER_RANGE_PAIR,asset,class,
GAME_RULE_MOVE_HOUSE,asset,class,
GAME_RULE_STATUS_PROMOTION,asset,class,
GAME_RULE_TRADE,asset,class,
GAME_STEP_LIST,asset,class,
GAME_STEP_LIST_BUILDING_SPLENDOR,asset,class,
GAME_STEP_LIST_ESTATE_SPLENDOR,asset,class,
GAME_STEP_LIST_PROSPERITY,asset,class,
GUEST,asset,class,
GUEST_REQUIREMENT,asset,class,
HAIR_LIST,asset,class,
HAPPINESS_FACTOR,asset,class,
HAPPINESS_FACTOR_STATUS_DEMOTE,asset,class,
HELP,asset,class,
HERALDRY_COLOR,asset,class,
HERALDRY_MASK,asset,class,
HERALDRY_PATTERN,asset,class,
HERALDRY_SETTINGS,asset,class,
HERALDRY_SHADING,asset,class,
HERALDRY_SYMBOL,asset,class,
HERALDRY_SYMBOL_COMPOSITION,asset,class,
HOUSE_MANAGER_DATA,asset,class,
HOUSE_REQUIREMENT,asset,class,
HOUSE_REQUIREMENT_IN_LAYER,asset,class,
HOUSE_REQUIREMENT_PATROL,asset,class,
HOUSE_REQUIREMENT_PAVED_ROAD,asset,class,
HOUSE_REQUIREMENT_VILLAGER_STATUS,asset,class,
HOUSE_REQUIREMENT_ZONE,asset,class,
HOUSE_SELECTION_FACTOR,asset,class,
HOUSE_SETUP,asset,class,
HUNT_FOREST_MANAGER_DATA,asset,class,
IMMIGRATION_FACTOR,asset,class,
IMMIGRATION_FACTOR_HAPPINESS,asset,class,
IMMIGRATION_FACTOR_RESIDENTIAL,asset,class,
IMMIGRATION_FACTOR_UNEMPLOYMENT,asset,class,
IMMIGRATION_SETTINGS,asset,class,
INFLUENCE_MANDATE_TYPE,asset,class,
INFORMATION_LAYER,asset,class,
INTERACTIVE_LOCATION_SETUP,asset,class,
JOB,asset,class,
JOB_PROGRESSION,asset,class,
JOB_PROXIMITY_HOUSE_SELECTION_FACTOR,asset,class,
MANDATE_TYPE,asset,class,
MASTERPIECE,asset,class,
MASTERPIECE_LIST,asset,class,
MATERIAL,asset,class,
MATERIAL_SET_LIST,asset,class,
MILITARY_CAMPAIGN,asset,class,
MILITARY_CAMPAIGN_SETTINGS,asset,class,
MILITARY_COMPANY,asset,class,
MILITARY_COMPANY_BEHAVIOR,asset,class,
MILITARY_COMPANY_SETTINGS,asset,class,
MILITARY_COMPANY_WARNING,asset,class,
MILITARY_COMPANY_WARNING_LOW_HAPPINESS,asset,class,
MILITARY_COMPANY_WARNING_MISSING_WEAPON,asset,class,
MILITARY_COMPANY_WARNING_UNTRAINED,asset,class,
MILITARY_COMPANY_WARNING_WOUNDED,asset,class,
MILITARY_GRADE,asset,class,
MILITARY_WEAPON_TYPE,asset,class,
NAME_LIST,asset,class,
NARRATIVE_PANEL,asset,class,
NOTIFICATION,asset,class,
OUTCOME_PANEL_DATA,asset,class,
PARTICLE_SYSTEM,asset,class,
PAVED_ROAD_MANAGER_CONFIG,asset,class,
PLANTABLE,asset,class,
POINT_OF_INTEREST,asset,class,
PREFAB,asset,class,
PRIVILEGE,asset,class,
PROGRESS_PATH,asset,class,
PROGRESS_TIER_DATA,asset,class,
PROMOTE_VILLAGER_MANDATE_TYPE,asset,class,
PROMOTION_COST_LIST,asset,class,
PROSPECT_MANDATE_TYPE,asset,class,
QUEST,asset,class,
QUEST_HOSTING_MISSION,asset,class,
QUEST_MILITARY_HOSTING_MISSION,asset,class,
QUEST_REWARD_GENERATOR,asset,class,
RANGE_FLOAT,asset,class,
RESOURCE,asset,class,
RESOURCE_COLLECTION,asset,class,
RESOURCE_CONTAINER_CONFIG,asset,class,
RESOURCE_LAYOUT_SETUP,asset,class,
RESOURCE_TYPE_COST_LIST,asset,class,
RULER_TITLE,asset,class,
RULER_TITLE_LIST,asset,class,
SAFETY_FUNCTION,asset,class,
SAFETY_FUNCTION_HOUSE,asset,class,
SAFETY_SETTINGS,asset,class,
SCORE_TRACKER_BEAUTIFICATION_DATA,asset,class,
SCORE_TRACKER_DATA,asset,class,
SCORE_TRACKER_DATA_PROFIT,asset,class,
SCORE_TRACKER_SPLENDOR,asset,class,
SCORE_TRACKER_TERRITORY,asset,class,
SCORE_TRACKER_TRADE_ROUTE,asset,class,
SCORE_TRACKER_VILLAGER_COUNT,asset,class,
SCORE_TRACKER_VILLAGER_STATUS,asset,class,
SHOW_NARRATIVE_PANEL_MANDATE_TYPE,asset,class,
TAXATION_FUNCTION,asset,class,
TAXATION_FUNCTION_CHURCH,asset,class,
TAXATION_FUNCTION_HOUSING,asset,class,
TAXATION_FUNCTION_MARKET,asset,class,
TAXATION_FUNCTION_RESOURCE_PRODUCTION,asset,class,
TAXATION_SETTINGS,asset,class,
TEXTURE,asset,class,
TRADING_VILLAGE,asset,class,
TRADING_VILLAGE_LIST,asset,class,
UNLOCKABLE,asset,class,
UNLOCKABLE_EDICT,asset,class,
UNLOCKABLE_PRIVILEGE,asset,class,
UNLOCKABLE_TECHNOLOGY,asset,class,
UNLOCK_FUNCTION,asset,class,
UNLOCK_FUNCTION_BUILDING,asset,class,
UNLOCK_FUNCTION_BUILDING_FUNCTION,asset,class,
UNLOCK_FUNCTION_ESTATE_SYSTEM,asset,class,
UNLOCK_FUNCTION_SYSTEM,asset,class,
UNLOCK_FUNCTION_TAXATION,asset,class,
UNLOCK_FUNCTION_TRADE_ROUTE,asset,class,
UPGRADE_TRADE_ROUTE_MANDATE_TYPE,asset,class,
VEHICLE,asset,class,
VILLAGER_STATUS,asset,class,
VILLAGER_STATUS_QUOTA,asset,class,
VILLAGE_POLICY_DATA,asset,class,
VILLAGE_TITLE,asset,class,
VILLAGE_TITLE_LIST,asset,class,
WALL_CONFIG,asset,class,
WEAPON,asset,class,
WEATHER_SETTING,asset,class,
WEATHER_SYSTEM,asset,class,
ZONE,asset,class,
COMP_ABSTRACT_BUILDABLE,component,class,
COMP_ACCOMMODATION,component,class,
COMP_AGENT,component,class,
COMP_AGENT_NEED_PROCESSOR,component,class,
COMP_BAILIFF_OFFICE,component,class,
COMP_BELFRY,component,class,
COMP_BUILDER_WORKSHOP,component,class,
COMP_BUILDING,component,class,
COMP_BUILDING_ATTACH_NODE,component,class,
COMP_BUILDING_MANAGER,component,class,
COMP_BUILDING_PART,component,class,
COMP_BUILDING_ZONE,component,class,
COMP_CONSTRUCTION_STEPS_VISUAL,component,class,
COMP_CROP_FIELD_ELEMENT,component,class,
COMP_DIRT_CIRCLE,component,class,
COMP_DIRT_RECTANGLE,component,class,
COMP_ENCAMPMENT,component,class,
COMP_ENVIRONMENT_SYSTEM,component,class,
COMP_FALLING_TREE,component,class,
COMP_FARM,component,class,
COMP_FARM_LIVESTOCK,component,class,
COMP_GROUNDED,component,class,
COMP_GUEST,component,class,
COMP_HAPPINESS_GIVER,component,class,
COMP_HEALING_HOUSE,component,class,
COMP_IMMIGRATION_MANAGER,component,class,
COMP_INTERACTIVE_LOCATION,component,class,
COMP_INVENTORY,component,class,
COMP_KNIGHT_STATUE,component,class,
COMP_LIVESTOCK,component,class,
COMP_LODGING,component,class,
COMP_MAIN_GAME_LOOP,component,class,
COMP_MANDATE_MANAGER,component,class,
COMP_MANDATE_OFFICE,component,class,
COMP_MARKET_TENT,component,class,
COMP_PARTICLE_EMITTER,component,class,
COMP_PARTICLE_EMITTER_TOGGLE,component,class,
COMP_PLANTABLE,component,class,
COMP_QUOTABLE,component,class,
COMP_RESOURCE_CONTAINER,component,class,
COMP_RESOURCE_CONTAINER_DEPLETER,component,class,
COMP_RESOURCE_DEPOT,component,class,
COMP_RESOURCE_GENERATOR,component,class,
COMP_RESOURCE_STOCKPILE,component,class,
COMP_RESOURCE_TO_PICKUP,component,class,
COMP_RIGID_BODY,component,class,
COMP_SELF_DESTROY,component,class,
COMP_SOLDIER,component,class,
COMP_TRADER,component,class,
COMP_TREE,component,class,
COMP_VEHICLE,component,class,
COMP_VILLAGER,component,class,
COMP_VILLAGER_MANAGER,component,class,
COMP_VISITOR,component,class,
COMP_WAREHOUSE_SETUPER,component,class,
COMP_WORKPLACE,component,class,
COMP_WORKPLACE_FORESTER,component,class,
COMP_WORKPLACE_GUARD,component,class,
COMP_WORKPLACE_KITCHEN,component,class,
COMP_WORKPLACE_PATROL,component,class,
COMP_WORKPLACE_TAX_OFFICE,component,class,
BEHAVIOR_TREE_DATA,behavior_tree_data,class,
BEHAVIOR_TREE_DATA_AGENT,behavior_tree_data,class,
BEHAVIOR_TREE_DATA_AGENT_NEED,behavior_tree_data,class,
BEHAVIOR_TREE_DATA_ANIMATION_DATA,behavior_tree_data,class,
BEHAVIOR_TREE_DATA_BOOL,behavior_tree_data,class,
BEHAVIOR_TREE_DATA_BUILDING_PATH_TYPE,behavior_tree_data,class,
BEHAVIOR_TREE_DATA_CHECK_FARM_STATE,behavior_tree_data,class,
BEHAVIOR_TREE_DATA_FLOAT,behavior_tree_data,class,
BEHAVIOR_TREE_DATA_GATHERING,behavior_tree_data,class,
BEHAVIOR_TREE_DATA_HAPPINESS_FACTOR,behavior_tree_data,class,
BEHAVIOR_TREE_DATA_INTERACTIVE_LOCATION_PURPOSE,behavior_tree_data,class,
BEHAVIOR_TREE_DATA_INTERACTIVE_LOCATION_SETUP,behavior_tree_data,class,
BEHAVIOR_TREE_DATA_LOCATION,behavior_tree_data,class,
BEHAVIOR_TREE_DATA_LOOP,behavior_tree_data,class,
BEHAVIOR_TREE_DATA_PATH_FLAG,behavior_tree_data,class,
BEHAVIOR_TREE_DATA_PLANTABLE,behavior_tree_data,class,
BEHAVIOR_TREE_DATA_RESOURCE,behavior_tree_data,class,
BEHAVIOR_TREE_DATA_RESOURCE_CONSUMPTION,behavior_tree_data,class,
BEHAVIOR_TREE_DATA_RESOURCE_FETCHING_ACTIVITY_MESSAGE,behavior_tree_data,class,
BEHAVIOR_TREE_DATA_RESOURCE_PRODUCTION,behavior_tree_data,class,
BEHAVIOR_TREE_DATA_RESOURCE_QUANTITY_PAIR,behavior_tree_data,class,
BEHAVIOR_TREE_DATA_RESOURCE_TRANSPORT,behavior_tree_data,class,
BEHAVIOR_TREE_DATA_RESOURCE_TYPE,behavior_tree_data,class,
BEHAVIOR_TREE_DATA_STRING,behavior_tree_data,class,
BEHAVIOR_TREE_DATA_VEC3F,behavior_tree_data,class,
BEHAVIOR_TREE_DATA_VOID_OBJECT,behavior_tree_data,class,
BEHAVIOR_TREE_DATA_WAIT,behavior_tree_data,class,
ADD_TO_INVENTORY,behavior_tree_nodes,class,
AGENT_NODE_PATROL_GO_TO,behavior_tree_nodes,class,
BEHAVIOR_BAILIFF,behavior_tree_nodes,class,
BEHAVIOR_BUILDER,behavior_tree_nodes,class,
BEHAVIOR_BUILDER_CRAFTING,behavior_tree_nodes,class,
BEHAVIOR_FARMER,behavior_tree_nodes,class,
BEHAVIOR_FORESTER,behavior_tree_nodes,class,
BEHAVIOR_GATHER,behavior_tree_nodes,class,
BEHAVIOR_GUEST,behavior_tree_nodes,class,
BEHAVIOR_LEAVE_VILLAGE,behavior_tree_nodes,class,
BEHAVIOR_LIVESTOCK,behavior_tree_nodes,class,
BEHAVIOR_MARKET_TENDING,behavior_tree_nodes,class,
BEHAVIOR_PLANT,behavior_tree_nodes,class,
BEHAVIOR_SOLDIER,behavior_tree_nodes,class,
BEHAVIOR_SOLDIER_BACK,behavior_tree_nodes,class,
BEHAVIOR_SOLDIER_GUARD,behavior_tree_nodes,class,
BEHAVIOR_SOLDIER_LEAVE,behavior_tree_nodes,class,
BEHAVIOR_SOLDIER_REGROUP,behavior_tree_nodes,class,
BEHAVIOR_SOLDIER_TRAINING,behavior_tree_nodes,class,
BEHAVIOR_STUDY,behavior_tree_nodes,class,
BEHAVIOR_TAX_COLLECTION,behavior_tree_nodes,class,
BEHAVIOR_TRANSPORT,behavior_tree_nodes,class,
BEHAVIOR_TRANSPORTER,behavior_tree_nodes,class,
BEHAVIOR_VILLAGER,behavior_tree_nodes,class,
BEHAVIOR_VISITOR,behavior_tree_nodes,class,
BEHAVIOR_WORK,behavior_tree_nodes,class,
BOARD_BOAT,behavior_tree_nodes,class,
CHANGE_EDICT,behavior_tree_nodes,class,
CHANGE_PRIVILEGE,behavior_tree_nodes,class,
CHECK_FARM_STATE,behavior_tree_nodes,class,
CHECK_IF_NOT_NULL,behavior_tree_nodes,class,
CHECK_IF_TRUE,behavior_tree_nodes,class,
COMPLETE_MANDATE,behavior_tree_nodes,class,
DESTROY_OBJECT,behavior_tree_nodes,class,
DISABLE_PATH_TRACING,behavior_tree_nodes,class,
DOCK_BOAT,behavior_tree_nodes,class,
DROP_STUFF_TO_DEPOT,behavior_tree_nodes,class,
ENABLE_PATH_TRACING,behavior_tree_nodes,class,
EXECUTE_ACTION_LIST_WAIT,behavior_tree_nodes,class,
FETCH_NEXT_GATHERABLE,behavior_tree_nodes,class,
FETCH_NEXT_PLANTABLE,behavior_tree_nodes,class,
FIND_RESOURCE_FOR_ROAD_PAVING,behavior_tree_nodes,class,
FIND_RESOURCE_FOR_WORKPLACE,behavior_tree_nodes,class,
FINISH_WORK_SHIFT,behavior_tree_nodes,class,
GAIN_INFLUENCE,behavior_tree_nodes,class,
GATHER_REQUEST,behavior_tree_nodes,class,
GATHER_RESOURCE,behavior_tree_nodes,class,
GENERATE_GATHERED_RESOURCES,behavior_tree_nodes,class,
GIVE_JOB_XP,behavior_tree_nodes,class,
GO_TO,behavior_tree_nodes,class,
INFLUENCE_ESTATE,behavior_tree_nodes,class,
INVERTER,behavior_tree_nodes,class,
IS_NEEDING_RESOURCE_FOR_ROAD_PAVING,behavior_tree_nodes,class,
IS_RESOURCE_READY_TO_PICKUP,behavior_tree_nodes,class,
IS_WORKPLACE_AVAILABLE,behavior_tree_nodes,class,
IS_WORKPLACE_NEED_RESOURCE,behavior_tree_nodes,class,
LOOK_AT,behavior_tree_nodes,class,
NEGOTIATING_TRADES,behavior_tree_nodes,class,
NODE,behavior_tree_nodes,class,
NODE_BRANCH,behavior_tree_nodes,class,
NODE_COMPOSITE,behavior_tree_nodes,class,
NODE_DECORATOR,behavior_tree_nodes,class,
NODE_LEAF,behavior_tree_nodes,class,
NODE_SET_BOOL,behavior_tree_nodes,class,
PLANT,behavior_tree_nodes,class,
PLANT_REQUEST,behavior_tree_nodes,class,
PRODUCE_RESOURCE,behavior_tree_nodes,class,
PROSPECT,behavior_tree_nodes,class,
REPEAT,behavior_tree_nodes,class,
REPEAT_UNTIL_FAIL,behavior_tree_nodes,class,
REPEAT_UNTIL_SUCCESS,behavior_tree_nodes,class,
SELECTOR,behavior_tree_nodes,class,
SEQUENCER,behavior_tree_nodes,class,
SETUP_CHANGE_EDICT,behavior_tree_nodes,class,
SETUP_CHANGE_PRIVILEGE,behavior_tree_nodes,class,
SETUP_FISHING,behavior_tree_nodes,class,
SETUP_GATHERING_WORK,behavior_tree_nodes,class,
SETUP_GOTO_WORKPLACE,behavior_tree_nodes,class,
SETUP_GROWING_WORK,behavior_tree_nodes,class,
SETUP_PLANTING_WORK,behavior_tree_nodes,class,
SETUP_STUDY,behavior_tree_nodes,class,
SETUP_TRAVELING_FOR_MANDATE,behavior_tree_nodes,class,
SETUP_WORK,behavior_tree_nodes,class,
SETUP_WORKPLACE_TRANSPORT,behavior_tree_nodes,class,
SET_ACTIVITY_MESSAGE,behavior_tree_nodes,class,
SET_AGENT_UNAVAILABLE,behavior_tree_nodes,class,
SET_INTERACTIVE_LOCATION_SETUP,behavior_tree_nodes,class,
SET_OBJECT_AS_DESTINATION,behavior_tree_nodes,class,
SET_ORIENTATION,behavior_tree_nodes,class,
SET_WORKPLACE_AS_DESTINATION,behavior_tree_nodes,class,
START_WORK_SHIFT,behavior_tree_nodes,class,
STUDY_BLUEPRINT,behavior_tree_nodes,class,
SUCCEEDER,behavior_tree_nodes,class,
WAIT,behavior_tree_nodes,class,
WAIT_GROUP_FOR_PATROL,behavior_tree_nodes,class,
AGENT_NEED_TYPE_HOUSING,asset_ids,asset_enum,https://www.polymorph.games/foundation/modding/assets/AGENT_NEED_TYPE_HOUSING
AGENT_NEED_TYPE_LODGING,asset_ids,asset_enum,https://www.polymorph.games/foundation/modding/assets/AGENT_NEED_TYPE_LODGING
AGENT_NEED_TYPE_RESOURCE,asset_ids,asset_enum,https://www.polymorph.games/foundation/modding/assets/AGENT_NEED_TYPE_RESOURCE
AGENT_NEED_TYPE_SOLDIER_HEALING,asset_ids,asset_enum,https://www.polymorph.games/foundation/modding/assets/AGENT_NEED_TYPE_SOLDIER_HEALING
AGENT_NEED_TYPE_SOLDIER_TRAINING,asset_ids,asset_enum,https://www.polymorph.games/foundation/modding/assets/AGENT_NEED_TYPE_SOLDIER_TRAINING
AGENT_NEED_TYPE_VISIT_BUILDING,asset_ids,asset_enum,https://www.polymorph.games/foundation/modding/assets/AGENT_NEED_TYPE_VISIT_BUILDING
AGENT_PROFILE,asset_ids,asset_enum,https://www.polymorph.games/foundation/modding/assets/AGENT_PROFILE
ASSET,asset_ids,asset_enum,https://www.polymorph.games/foundation/modding/assets/ASSET
ASSIGNABLE_BUILDING_FUNCTION_LIST,asset_ids,asset_enum,https://www.polymorph.games/foundation/modding/assets/ASSIGNABLE_BUILDING_FUNCTION_LIST
ATLAS_CELL,asset_ids,asset_enum,https://www.polymorph.games/foundation/modding/assets/ATLAS_CELL
BALANCING,asset_ids,asset_enum,https://www.polymorph.games/foundation/modding/assets/BALANCING
BEHAVIOR_TREE,asset_ids,asset_enum,https://www.polymorph.games/foundation/modding/assets/BEHAVIOR_TREE
BIOME_LAYER,asset_ids,asset_enum,https://www.polymorph.games/foundation/modding/assets/BIOME_LAYER
BLUEPRINT,asset_ids,asset_enum,https://www.polymorph.games/foundation/modding/assets/BLUEPRINT
BUILDING_FUNCTION,asset_ids,asset_enum,https://www.polymorph.games/foundation/modding/assets/BUILDING_FUNCTION
BUILDING_GAME_CONDITION_CONFIG,asset_ids,asset_enum,https://www.polymorph.games/foundation/modding/assets/BUILDING_GAME_CONDITION_CONFIG
BUILDING_LIST,asset_ids,asset_enum,https://www.polymorph.games/foundation/modding/assets/BUILDING_LIST
BUILDING_PART,asset_ids,asset_enum,https://www.polymorph.games/foundation/modding/assets/BUILDING_PART
BUILDING,asset_ids,asset_enum,https://www.polymorph.games/foundation/modding/assets/BUILDING
CHANGE_EDICT_MANDATE_TYPE,asset_ids,asset_enum,https://www.polymorph.games/foundation/modding/assets/CHANGE_EDICT_MANDATE_TYPE
CHANGE_PRIVILEGE_MANDATE_TYPE,asset_ids,asset_enum,https://www.polymorph.games/foundation/modding/assets/CHANGE_PRIVILEGE_MANDATE_TYPE
DESIRABILITY_HOUSE_SELECTION_FACTOR,asset_ids,asset_enum,https://www.polymorph.games/foundation/modding/assets/DESIRABILITY_HOUSE_SELECTION_FACTOR
DESIRABILITY,asset_ids,asset_enum,https://www.polymorph.games/foundation/modding/assets/DESIRABILITY
DYNAMIC_BERRIES_MANAGER_DATA,asset_ids,asset_enum,https://www.polymorph.games/foundation/modding/assets/DYNAMIC_BERRIES_MANAGER_DATA
EDICT,asset_ids,asset_enum,https://www.polymorph.games/foundation/modding/assets/EDICT
ESTATE_SETTING,asset_ids,asset_enum,https://www.polymorph.games/foundation/modding/assets/ESTATE_SETTING
ESTATE,asset_ids,asset_enum,https://www.polymorph.games/foundation/modding/assets/ESTATE
EVENT,asset_ids,asset_enum,https://www.polymorph.games/foundation/modding/assets/EVENT
EXECUTE_ACTION_LIST_MANDATE_TYPE,asset_ids,asset_enum,https://www.polymorph.games/foundation/modding/assets/EXECUTE_ACTION_LIST_MANDATE_TYPE
FOREST_BERRIES_CLUSTER_DATA,asset_ids,asset_enum,https://www.polymorph.games/foundation/modding/assets/FOREST_BERRIES_CLUSTER_DATA
FOREST_BERRIES_DATA,asset_ids,asset_enum,https://www.polymorph.games/foundation/modding/assets/FOREST_BERRIES_DATA
GAME_RULE_MINERAL,asset_ids,asset_enum,https://www.polymorph.games/foundation/modding/assets/GAME_RULE_MINERAL
GAME_RULE_STATUS_PROMOTION,asset_ids,asset_enum,https://www.polymorph.games/foundation/modding/assets/GAME_RULE_STATUS_PROMOTION
GAME_RULE_TRADE,asset_ids,asset_enum,https://www.polymorph.games/foundation/modding/assets/GAME_RULE_TRADE
GUEST_REQUIREMENT,asset_ids,asset_enum,https://www.polymorph.games/foundation/modding/assets/GUEST_REQUIREMENT
GUEST,asset_ids,asset_enum,https://www.polymorph.games/foundation/modding/assets/GUEST
HAPPINESS_FACTOR,asset_ids,asset_enum,https://www.polymorph.games/foundation/modding/assets/HAPPINESS_FACTOR
HELP,asset_ids,asset_enum,https://www.polymorph.games/foundation/modding/assets/HELP
HERALDRY_SETTINGS,asset_ids,asset_enum,https://www.polymorph.games/foundation/modding/assets/HERALDRY_SETTINGS
HOUSE_MANAGER_DATA,asset_ids,asset_enum,https://www.polymorph.games/foundation/modding/assets/HOUSE_MANAGER_DATA
HOUSE_REQUIREMENT_IN_LAYER,asset_ids,asset_enum,https://www.polymorph.games/foundation/modding/assets/HOUSE_REQUIREMENT_IN_LAYER
HOUSE_REQUIREMENT_VILLAGER_STATUS,asset_ids,asset_enum,https://www.polymorph.games/foundation/modding/assets/HOUSE_REQUIREMENT_VILLAGER_STATUS
HOUSE_REQUIREMENT_ZONE,asset_ids,asset_enum,https://www.polymorph.games/foundation/modding/assets/HOUSE_REQUIREMENT_ZONE
HUNT_FOREST_MANAGER_DATA,asset_ids,asset_enum,https://www.polymorph.games/foundation/modding/assets/HUNT_FOREST_MANAGER_DATA
IMMIGRATION_FACTOR_HAPPINESS,asset_ids,asset_enum,https://www.polymorph.games/foundation/modding/assets/IMMIGRATION_FACTOR_HAPPINESS
IMMIGRATION_FACTOR_UNEMPLOYMENT,asset_ids,asset_enum,https://www.polymorph.games/foundation/modding/assets/IMMIGRATION_FACTOR_UNEMPLOYMENT
IMMIGRATION_SETTINGS,asset_ids,asset_enum,https://www.polymorph.games/foundation/modding/assets/IMMIGRATION_SETTINGS
INFLUENCE_MANDATE_TYPE,asset_ids,asset_enum,https://www.polymorph.games/foundation/modding/assets/INFLUENCE_MANDATE_TYPE
INFORMATION_LAYER,asset_ids,asset_enum,https://www.polymorph.games/foundation/modding/assets/INFORMATION_LAYER
INTERACTIVE_LOCATION_SETUP,asset_ids,asset_enum,https://www.polymorph.games/foundation/modding/assets/INTERACTIVE_LOCATION_SETUP
JOB_PROGRESSION,asset_ids,asset_enum,https://www.polymorph.games/foundation/modding/assets/JOB_PROGRESSION
JOB_PROXIMITY_HOUSE_SELECTION_FACTOR,asset_ids,asset_enum,https://www.polymorph.games/foundation/modding/assets/JOB_PROXIMITY_HOUSE_SELECTION_FACTOR
JOB,asset_ids,asset_enum,https://www.polymorph.games/foundation/modding/assets/JOB
MILITARY_CAMPAIGN_SETTINGS,asset_ids,asset_enum,https://www.polymorph.games/foundation/modding/assets/MILITARY_CAMPAIGN_SETTINGS
MILITARY_CAMPAIGN,asset_ids,asset_enum,https://www.polymorph.games/foundation/modding/assets/MILITARY_CAMPAIGN
MILITARY_COMPANY_BEHAVIOR,asset_ids,asset_enum,https://www.polymorph.games/foundation/modding/assets/MILITARY_COMPANY_BEHAVIOR
MILITARY_COMPANY_SETTINGS,asset_ids,asset_enum,https://www.polymorph.games/foundation/modding/assets/MILITARY_COMPANY_SETTINGS
MILITARY_COMPANY_WARNING_LOW_HAPPINESS,asset_ids,asset_enum,https://www.polymorph.games/foundation/modding/assets/MILITARY_COMPANY_WARNING_LOW_HAPPINESS
MILITARY_COMPANY_WARNING_MISSING_WEAPON,asset_ids,asset_enum,https://www.polymorph.games/foundation/modding/assets/MILITARY_COMPANY_WARNING_MISSING_WEAPON
MILITARY_COMPANY_WARNING_UNTRAINED,asset_ids,asset_enum,https://www.polymorph.games/foundation/modding/assets/MILITARY_COMPANY_WARNING_UNTRAINED
MILITARY_COMPANY_WARNING_WOUNDED,asset_ids,asset_enum,https://www.polymorph.games/foundation/modding/assets/MILITARY_COMPANY_WARNING_WOUNDED
MILITARY_COMPANY,asset_ids,asset_enum,https://www.polymorph.games/foundation/modding/assets/MILITARY_COMPANY
MILITARY_GRADE,asset_ids,asset_enum,https://www.polymorph.games/foundation/modding/assets/MILITARY_GRADE
MILITARY_WEAPON_TYPE,asset_ids,asset_enum,https://www.polymorph.games/foundation/modding/assets/MILITARY_WEAPON_TYPE
NAME_LIST,asset_ids,asset_enum,https://www.polymorph.games/foundation/modding/assets/NAME_LIST
NARRATIVE_PANEL,asset_ids,asset_enum,https://www.polymorph.games/foundation/modding/assets/NARRATIVE_PANEL
NOTIFICATION,asset_ids,asset_enum,https://www.polymorph.games/foundation/modding/assets/NOTIFICATION
OUTCOME_PANEL_DATA,asset_ids,asset_enum,https://www.polymorph.games/foundation/modding/assets/OUTCOME_PANEL_DATA
PARTICLE_SYSTEM,asset_ids,asset_enum,https://www.polymorph.games/foundation/modding/assets/PARTICLE_SYSTEM
PAVED_ROAD_MANAGER_CONFIG,asset_ids,asset_enum,https://www.polymorph.games/foundation/modding/assets/PAVED_ROAD_MANAGER_CONFIG
PREFAB,asset_ids,asset_enum,https://www.polymorph.games/foundation/modding/assets/PREFAB
PRIVILEGE,asset_ids,asset_enum,https://www.polymorph.games/foundation/modding/assets/PRIVILEGE
PROGRESS_PATH,asset_ids,asset_enum,https://www.polymorph.games/foundation/modding/assets/PROGRESS_PATH
PROGRESS_TIER_DATA,asset_ids,asset_enum,https://www.polymorph.games/foundation/modding/assets/PROGRESS_TIER_DATA
PROMOTE_VILLAGER_MANDATE_TYPE,asset_ids,asset_enum,https://www.polymorph.games/foundation/modding/assets/PROMOTE_VILLAGER_MANDATE_TYPE
PROMOTION_COST_LIST,asset_ids,asset_enum,https://www.polymorph.games/foundation/modding/assets/PROMOTION_COST_LIST
PROSPECT_MANDATE_TYPE,asset_ids,asset_enum,https://www.polymorph.games/foundation/modding/assets/PROSPECT_MANDATE_TYPE
QUEST_HOSTING_MISSION,asset_ids,asset_enum,https://www.polymorph.games/foundation/modding/assets/QUEST_HOSTING_MISSION
QUEST_MILITARY_HOSTING_MISSION,asset_ids,asset_enum,https://www.polymorph.games/foundation/modding/assets/QUEST_MILITARY_HOSTING_MISSION
QUEST_REWARD_GENERATOR,asset_ids,asset_enum,https://www.polymorph.games/foundation/modding/assets/QUEST_REWARD_GENERATOR
QUEST,asset_ids,asset_enum,https://www.polymorph.games/foundation/modding/assets/QUEST
RANGE_FLOAT,asset_ids,asset_enum,https://www.polymorph.games/foundation/modding/assets/RANGE_FLOAT
RESOURCE_COLLECTION,asset_ids,asset_enum,https://www.polymorph.games/foundation/modding/assets/RESOURCE_COLLECTION
RESOURCE,asset_ids,asset_enum,https://www.polymorph.games/foundation/modding/assets/RESOURCE
RULER_TITLE_LIST,asset_ids,asset_enum,https://www.polymorph.games/foundation/modding/assets/RULER_TITLE_LIST
RULER_TITLE,asset_ids,asset_enum,https://www.polymorph.games/foundation/modding/assets/RULER_TITLE
SAFETY_FUNCTION_HOUSE,asset_ids,asset_enum,https://www.polymorph.games/foundation/modding/assets/SAFETY_FUNCTION_HOUSE
SAFETY_SETTINGS,asset_ids,asset_enum,https://www.polymorph.games/foundation/modding/assets/SAFETY_SETTINGS
SHOW_NARRATIVE_PANEL_MANDATE_TYPE,asset_ids,asset_enum,https://www.polymorph.games/foundation/modding/assets/SHOW_NARRATIVE_PANEL_MANDATE_TYPE
TAXATION_FUNCTION,asset_ids,asset_enum,https://www.polymorph.games/foundation/modding/assets/TAXATION_FUNCTION
TAXATION_SETTINGS,asset_ids,asset_enum,https://www.polymorph.games/foundation/modding/assets/TAXATION_SETTINGS
TEXTURE,asset_ids,asset_enum,https://www.polymorph.games/foundation/modding/assets/TEXTURE
TRADING_VILLAGE_LIST,asset_ids,asset_enum,https://www.polymorph.games/foundation/modding/assets/TRADING_VILLAGE_LIST
TRADING_VILLAGE,asset_ids,asset_enum,https://www.polymorph.games/foundation/modding/assets/TRADING_VILLAGE
UNLOCK_FUNCTION_BUILDING_FUNCTION,asset_ids,asset_enum,https://www.polymorph.games/foundation/modding/assets/UNLOCK_FUNCTION_BUILDING_FUNCTION
UNLOCK_FUNCTION_BUILDING,asset_ids,asset_enum,https://www.polymorph.games/foundation/modding/assets/UNLOCK_FUNCTION_BUILDING
UNLOCK_FUNCTION_ESTATE_SYSTEM,asset_ids,asset_enum,https://www.polymorph.games/foundation/modding/assets/UNLOCK_FUNCTION_ESTATE_SYSTEM
UNLOCK_FUNCTION_SYSTEM,asset_ids,asset_enum,https://www.polymorph.games/foundation/modding/assets/UNLOCK_FUNCTION_SYSTEM
UNLOCK_FUNCTION_TAXATION,asset_ids,asset_enum,https://www.polymorph.games/foundation/modding/assets/UNLOCK_FUNCTION_TAXATION
UNLOCK_FUNCTION_TRADE_ROUTE,asset_ids,asset_enum,https://www.polymorph.games/foundation/modding/assets/UNLOCK_FUNCTION_TRADE_ROUTE
UNLOCKABLE,asset_ids,asset_enum,https://www.polymorph.games/foundation/modding/assets/UNLOCKABLE
UPGRADE_TRADE_ROUTE_MANDATE_TYPE,asset_ids,asset_enum,https://www.polymorph.games/foundation/modding/assets/UPGRADE_TRADE_ROUTE_MANDATE_TYPE
VEHICLE,asset_ids,asset_enum,https://www.polymorph.games/foundation/modding/assets/VEHICLE
VILLAGE_TITLE_LIST,asset_ids,asset_enum,https://www.polymorph.games/foundation/modding/assets/VILLAGE_TITLE_LIST
VILLAGE_TITLE,asset_ids,asset_enum,https://www.polymorph.games/foundation/modding/assets/VILLAGE_TITLE
VILLAGER_STATUS_QUOTA,asset_ids,asset_enum,https://www.polymorph.games/foundation/modding/assets/VILLAGER_STATUS_QUOTA
VILLAGER_STATUS,asset_ids,asset_enum,https://www.polymorph.games/foundation/modding/assets/VILLAGER_STATUS
WALL_CONFIG,asset_ids,asset_enum,https://www.polymorph.games/foundation/modding/assets/WALL_CONFIG
WEAPON,asset_ids,asset_enum,https://www.polymorph.games/foundation/modding/assets/WEAPON
WEATHER_SETTING,asset_ids,asset_enum,https://www.polymorph.games/foundation/modding/assets/WEATHER_SETTING
ZONE,asset_ids,asset_enum,https://www.polymorph.games/foundation/modding/assets/ZONE
